{"GC=F": [-0.03735297901028125, -0.034487191469980936, -0.03441488772868675, -0.03442870600997481, -0.03442870600997481, -0.034414084644973274, -0.03442834047584977, -0.034428773273710626, -0.03442870634629349, -0.03442870600997481], "SI=F": [-0.028974289086646367, -0.02931725036391111, -0.02799261670379044, -0.02795919623275967, -0.027965583363787978, -0.027965583363787978, -0.02795882502878736, -0.027965414405412965, -0.027965614454651247, -0.027965583519242294], "NQ=F": [-0.06575647908910152, -0.06710261361118804, -0.06429083455459063, -0.0642711924852301, -0.06439425907091252, -0.06440972825198311, -0.06440972825198311, -0.06441032272047008, -0.06441181520551172, -0.06440999159400211], "XAU": [0.101653839573178, 0.101653839573178, 0.101653839573178, 0.101653839573178, 0.101653839573178, 0.101653839573178, 0.101653839573178, 0.101653839573178, 0.101653839573178, 0.101653839573178, 0.101653839573178, 0.101653839573178, 0.101653839573178, 0.101653839573178, 0.101653839573178, 0.101653839573178, 0.101653839573178, 0.101653839573178, 0.101653839573178, 0.101653839573178], "XAG": [0.08347570357809912, 0.08347570357809912, 0.08347570357809912, 0.08347570357809912, 0.08347570357809912, 0.08347570357809912, 0.08347570357809912, 0.08347570357809912, 0.08347570357809912, 0.08347570357809912, 0.08347570357809912, 0.08347570357809912, 0.08347570357809912, 0.08347570357809912, 0.08347570357809912, 0.08347570357809912, 0.08347570357809912, 0.08347570357809912, 0.08347570357809912, 0.08347570357809912], "US100": [-0.03319334101897055, -0.03319334101897055, -0.03319334101897055, -0.03319334101897055, -0.03319334101897055, -0.03319334101897055, -0.03319334101897055, -0.03319334101897055, -0.03319334101897055, -0.03319334101897055, -0.03319334101897055, -0.03319334101897055, -0.03319334101897055, -0.03319334101897055, -0.03319334101897055, -0.03319334101897055, -0.03319334101897055, -0.03319334101897055, -0.03319334101897055, -0.03319334101897055], "BTC": [-0.15030722193346474, -0.15030722193346474, -0.15075012622243952, -0.15075012622243952, -0.14702419108910403, -0.1474986530322192, -0.1474986530322192, -0.1491751146907272, -0.1491751146907272, -0.14871900673006577, -0.14871900673006577, -0.14882402323977023, -0.15831983293236493, -0.15685167365986366, -0.15834433054429314, -0.16380878134898255, -0.1661483684234478, -0.1554246271301312, -0.1554246271301312, -0.1547731699665109]}