{"GC=F": [-0.03735297901028125, -0.034487191469980936, -0.03441488772868675, -0.03442870600997481, -0.03442870600997481, -0.034414084644973274, -0.03442834047584977, -0.034428773273710626, -0.03442870634629349, -0.03442870600997481], "SI=F": [-0.028974289086646367, -0.02931725036391111, -0.02799261670379044, -0.02795919623275967, -0.027965583363787978, -0.027965583363787978, -0.02795882502878736, -0.027965414405412965, -0.027965614454651247, -0.027965583519242294], "NQ=F": [-0.06575647908910152, -0.06710261361118804, -0.06429083455459063, -0.0642711924852301, -0.06439425907091252, -0.06440972825198311, -0.06440972825198311, -0.06441032272047008, -0.06441181520551172, -0.06440999159400211], "XAU": [0.101653839573178, 0.101653839573178, 0.101653839573178, 0.101653839573178, 0.101653839573178, 0.101653839573178, 0.101653839573178, 0.101653839573178, 0.101653839573178, 0.101653839573178, 0.101653839573178, 0.101653839573178, 0.101653839573178, 0.101653839573178, 0.101653839573178, 0.101653839573178, 0.101653839573178, 0.101653839573178, 0.101653839573178, 0.101653839573178], "XAG": [0.08347570357809912, 0.08347570357809912, 0.08347570357809912, 0.08347570357809912, 0.08347570357809912, 0.08347570357809912, 0.08347570357809912, 0.08347570357809912, 0.08347570357809912, 0.08347570357809912, 0.08347570357809912, 0.08347570357809912, 0.08347570357809912, 0.08347570357809912, 0.08347570357809912, 0.08347570357809912, 0.08347570357809912, 0.08347570357809912, 0.08347570357809912, 0.08347570357809912], "US100": [-0.03319334101897055, -0.03319334101897055, -0.03319334101897055, -0.03319334101897055, -0.03319334101897055, -0.03319334101897055, -0.03319334101897055, -0.03319334101897055, -0.03319334101897055, -0.03319334101897055, -0.03319334101897055, -0.03319334101897055, -0.03319334101897055, -0.03319334101897055, -0.03319334101897055, -0.03319334101897055, -0.03319334101897055, -0.03319334101897055, -0.03319334101897055, -0.03319334101897055], "BTC": [-0.16150095568713033, -0.1535399329504148, -0.13701766280553812, -0.16159164097717416, -0.1588201615475876, -0.12856266828733387, -0.09111436072116187, -0.08397898156892923, -0.0884213686282512, -0.1428356379017094, -0.0904079410434123, -0.14616164406823268, -0.13948295343297254, -0.08472495849582372, -0.14326263554144347, -0.139629297035799, -0.14058933819833094, -0.08880686937369, -0.0883816827910796, -0.09186678363726633]}