{"GC=F": [-0.03735297901028125, -0.034487191469980936, -0.03441488772868675, -0.03442870600997481, -0.03442870600997481, -0.034414084644973274, -0.03442834047584977, -0.034428773273710626, -0.03442870634629349, -0.03442870600997481], "SI=F": [-0.028974289086646367, -0.02931725036391111, -0.02799261670379044, -0.02795919623275967, -0.027965583363787978, -0.027965583363787978, -0.02795882502878736, -0.027965414405412965, -0.027965614454651247, -0.027965583519242294], "NQ=F": [-0.06575647908910152, -0.06710261361118804, -0.06429083455459063, -0.0642711924852301, -0.06439425907091252, -0.06440972825198311, -0.06440972825198311, -0.06441032272047008, -0.06441181520551172, -0.06440999159400211], "XAU": [0.101653839573178, 0.101653839573178, 0.101653839573178, 0.101653839573178, 0.101653839573178, 0.101653839573178, 0.101653839573178, 0.101653839573178, 0.101653839573178, 0.101653839573178, 0.101653839573178, 0.101653839573178, 0.101653839573178, 0.101653839573178, 0.101653839573178, 0.101653839573178, 0.101653839573178, 0.101653839573178, 0.101653839573178, 0.101653839573178], "XAG": [0.08347570357809912, 0.08347570357809912, 0.08347570357809912, 0.08347570357809912, 0.08347570357809912, 0.08347570357809912, 0.08347570357809912, 0.08347570357809912, 0.08347570357809912, 0.08347570357809912, 0.08347570357809912, 0.08347570357809912, 0.08347570357809912, 0.08347570357809912, 0.08347570357809912, 0.08347570357809912, 0.08347570357809912, 0.08347570357809912, 0.08347570357809912, 0.08347570357809912], "US100": [-0.03319334101897055, -0.03319334101897055, -0.03319334101897055, -0.03319334101897055, -0.03319334101897055, -0.03319334101897055, -0.03319334101897055, -0.03319334101897055, -0.03319334101897055, -0.03319334101897055, -0.03319334101897055, -0.03319334101897055, -0.03319334101897055, -0.03319334101897055, -0.03319334101897055, -0.03319334101897055, -0.03319334101897055, -0.03319334101897055, -0.03319334101897055, -0.03319334101897055], "BTC": [-0.20485820555849385, -0.16445483641815012, -0.13332353681878417, -0.15793005583354697, -0.1588201615475876, -0.12856266828733387, -0.09111436072116187, -0.0887571604935275, -0.08816778728254285, -0.1437773092484174, -0.1433584975537264, -0.08788351217311305, -0.13927697551545634, -0.14576285357397112, -0.1449542598426492, -0.13919865918729055, -0.13869865966487807, -0.08880686937369, -0.08983360044546806, -0.08653855540563314]}